{
    "logreg": {
        "fpr": [
            0.0,
            0.0,
            0.0,
            0.01904761904761905,
            0.01904761904761905,
            0.0380952380952381,
            0.0380952380952381,
            0.05714285714285714,
            0.05714285714285714,
            0.05714285714285714,
            0.0761904761904762,
            0.0761904761904762,
            0.09523809523809523,
            0.09523809523809523,
            0.11428571428571428,
            0.11428571428571428,
            0.12380952380952381,
            0.12380952380952381,
            0.14285714285714285,
            0.14285714285714285,
            0.1523809523809524,
            0.1523809523809524,
            0.17142857142857143,
            0.17142857142857143,
            0.18095238095238095,
            0.18095238095238095,
            0.19047619047619047,
            0.19047619047619047,
            0.20952380952380953,
            0.20952380952380953,
            0.2571428571428571,
            0.2571428571428571,
            0.26666666666666666,
            0.26666666666666666,
            0.2761904761904762,
            0.2761904761904762,
            0.3333333333333333,
            0.3333333333333333,
            0.4380952380952381,
            0.4380952380952381,
            0.45714285714285713,
            0.45714285714285713,
            0.5619047619047619,
            0.5619047619047619,
            0.6666666666666666,
            0.7047619047619048,
            0.7142857142857143,
            0.7333333333333333,
            0.8,
            0.8,
            0.9238095238095239,
            0.9238095238095239,
            0.9523809523809523,
            0.9523809523809523,
            1.0
        ],
        "tpr": [
            0.0,
            0.013513513513513514,
            0.4594594594594595,
            0.4594594594594595,
            0.5540540540540541,
            0.5540540540540541,
            0.581081081081081,
            0.581081081081081,
            0.6351351351351351,
            0.6621621621621622,
            0.6621621621621622,
            0.6756756756756757,
            0.6756756756756757,
            0.6891891891891891,
            0.6891891891891891,
            0.7162162162162162,
            0.7162162162162162,
            0.7297297297297297,
            0.7297297297297297,
            0.7432432432432432,
            0.7432432432432432,
            0.7567567567567568,
            0.7567567567567568,
            0.7702702702702703,
            0.7702702702702703,
            0.8243243243243243,
            0.8243243243243243,
            0.8378378378378378,
            0.8378378378378378,
            0.8513513513513513,
            0.8513513513513513,
            0.8648648648648649,
            0.8648648648648649,
            0.8783783783783784,
            0.8783783783783784,
            0.8918918918918919,
            0.8918918918918919,
            0.9054054054054054,
            0.9054054054054054,
            0.918918918918919,
            0.918918918918919,
            0.9324324324324325,
            0.9324324324324325,
            0.9459459459459459,
            0.9459459459459459,
            0.9459459459459459,
            0.9459459459459459,
            0.9459459459459459,
            0.9459459459459459,
            0.9594594594594594,
            0.9594594594594594,
            0.9864864864864865,
            0.9864864864864865,
            1.0,
            1.0
        ],
        "auc": 0.8803,
        "accuracy": 0.8101,
        "f1_score": 0.7571
    },
    "rf": {
        "fpr": [
            0.0,
            0.0,
            0.0,
            0.0,
            0.0,
            0.009523809523809525,
            0.009523809523809525,
            0.01904761904761905,
            0.01904761904761905,
            0.0380952380952381,
            0.0380952380952381,
            0.047619047619047616,
            0.047619047619047616,
            0.047619047619047616,
            0.047619047619047616,
            0.05714285714285714,
            0.05714285714285714,
            0.06666666666666667,
            0.06666666666666667,
            0.0761904761904762,
            0.0761904761904762,
            0.12380952380952381,
            0.12380952380952381,
            0.13333333333333333,
            0.13333333333333333,
            0.1523809523809524,
            0.1523809523809524,
            0.1619047619047619,
            0.1619047619047619,
            0.18095238095238095,
            0.18095238095238095,
            0.19047619047619047,
            0.19047619047619047,
            0.2,
            0.2,
            0.3238095238095238,
            0.3238095238095238,
            0.3333333333333333,
            0.3333333333333333,
            0.37142857142857144,
            0.37142857142857144,
            0.3904761904761905,
            0.41904761904761906,
            0.49523809523809526,
            0.49523809523809526,
            0.5714285714285714,
            0.6095238095238096,
            0.6095238095238096,
            0.6761904761904762,
            0.6952380952380952,
            0.819047619047619,
            0.8380952380952381,
            0.8666666666666667,
            0.8857142857142857,
            0.9047619047619048,
            0.9047619047619048,
            0.9333333333333333,
            0.9523809523809523,
            1.0
        ],
        "tpr": [
            0.0,
            0.013513513513513514,
            0.04054054054054054,
            0.06756756756756757,
            0.28378378378378377,
            0.28378378378378377,
            0.43243243243243246,
            0.43243243243243246,
            0.44594594594594594,
            0.44594594594594594,
            0.527027027027027,
            0.527027027027027,
            0.5540540540540541,
            0.581081081081081,
            0.5945945945945946,
            0.5945945945945946,
            0.6081081081081081,
            0.6081081081081081,
            0.6351351351351351,
            0.6351351351351351,
            0.6486486486486487,
            0.6486486486486487,
            0.6891891891891891,
            0.6891891891891891,
            0.7432432432432432,
            0.7432432432432432,
            0.7837837837837838,
            0.7837837837837838,
            0.7972972972972973,
            0.7972972972972973,
            0.8648648648648649,
            0.8648648648648649,
            0.8918918918918919,
            0.8918918918918919,
            0.9054054054054054,
            0.9054054054054054,
            0.9324324324324325,
            0.9324324324324325,
            0.9459459459459459,
            0.9459459459459459,
            0.9594594594594594,
            0.9594594594594594,
            0.9594594594594594,
            0.9594594594594594,
            0.972972972972973,
            0.972972972972973,
            0.972972972972973,
            0.9864864864864865,
            0.9864864864864865,
            0.9864864864864865,
            0.9864864864864865,
            0.9864864864864865,
            0.9864864864864865,
            0.9864864864864865,
            0.9864864864864865,
            1.0,
            1.0,
            1.0,
            1.0
        ],
        "auc": 0.9023,
        "accuracy": 0.7821,
        "f1_score": 0.7111
    }
}